Month,Sales
January,774406751.9636624
February,857594683.1862097
March,801381688.0358219
April,772441591.4984484
May,711827399.6694523
June,822947056.533328
July,718793605.6313462
August,945886500.3910398
September,981831380.2505146
October,691720759.4128889
November,895862519.0413322
December,764447459.8764522
